sample,arm,query_ns,matches,term_bytes,distance_sum,checksum_u64,order_checksum_u64,nonempty_batches,transition_attempts,transition_accepted,packed_dfa_transition_hits,packed_dfa_transition_misses,packed_dfa_source_rows_prepared,packed_dfa_class_zero_probes,packed_dfa_class_zero_reusable_probes,packed_dfa_physical_target_probes
1,"control",194971245,18514,82131,36201,7775666136087164888,16014396901440918890,1018,6996242,1730660,6748273,247969,0,0,0,6996242
1,"treatment",188210651,18514,82131,36201,7775666136087164888,16014396901440918890,1018,6996242,1730660,3664886,247969,0,0,0,3912855
2,"treatment",186765861,18514,82131,36201,7775666136087164888,16014396901440918890,1018,6996242,1730660,3664886,247969,0,0,0,3912855
2,"control",190451337,18514,82131,36201,7775666136087164888,16014396901440918890,1018,6996242,1730660,6748273,247969,0,0,0,6996242
3,"control",191577392,18514,82131,36201,7775666136087164888,16014396901440918890,1018,6996242,1730660,6748273,247969,0,0,0,6996242
3,"treatment",189870837,18514,82131,36201,7775666136087164888,16014396901440918890,1018,6996242,1730660,3664886,247969,0,0,0,3912855
4,"treatment",189877391,18514,82131,36201,7775666136087164888,16014396901440918890,1018,6996242,1730660,3664886,247969,0,0,0,3912855
4,"control",190108580,18514,82131,36201,7775666136087164888,16014396901440918890,1018,6996242,1730660,6748273,247969,0,0,0,6996242
5,"control",192138373,18514,82131,36201,7775666136087164888,16014396901440918890,1018,6996242,1730660,6748273,247969,0,0,0,6996242
5,"treatment",186809094,18514,82131,36201,7775666136087164888,16014396901440918890,1018,6996242,1730660,3664886,247969,0,0,0,3912855
6,"treatment",187243488,18514,82131,36201,7775666136087164888,16014396901440918890,1018,6996242,1730660,3664886,247969,0,0,0,3912855
6,"control",195525492,18514,82131,36201,7775666136087164888,16014396901440918890,1018,6996242,1730660,6748273,247969,0,0,0,6996242
7,"control",191196673,18514,82131,36201,7775666136087164888,16014396901440918890,1018,6996242,1730660,6748273,247969,0,0,0,6996242
7,"treatment",187337384,18514,82131,36201,7775666136087164888,16014396901440918890,1018,6996242,1730660,3664886,247969,0,0,0,3912855
8,"treatment",187434948,18514,82131,36201,7775666136087164888,16014396901440918890,1018,6996242,1730660,3664886,247969,0,0,0,3912855
8,"control",194560588,18514,82131,36201,7775666136087164888,16014396901440918890,1018,6996242,1730660,6748273,247969,0,0,0,6996242
9,"control",191219794,18514,82131,36201,7775666136087164888,16014396901440918890,1018,6996242,1730660,6748273,247969,0,0,0,6996242
9,"treatment",192753686,18514,82131,36201,7775666136087164888,16014396901440918890,1018,6996242,1730660,3664886,247969,0,0,0,3912855
10,"treatment",187783548,18514,82131,36201,7775666136087164888,16014396901440918890,1018,6996242,1730660,3664886,247969,0,0,0,3912855
10,"control",191755539,18514,82131,36201,7775666136087164888,16014396901440918890,1018,6996242,1730660,6748273,247969,0,0,0,6996242
11,"control",191711275,18514,82131,36201,7775666136087164888,16014396901440918890,1018,6996242,1730660,6748273,247969,0,0,0,6996242
11,"treatment",189447195,18514,82131,36201,7775666136087164888,16014396901440918890,1018,6996242,1730660,3664886,247969,0,0,0,3912855
12,"treatment",193351298,18514,82131,36201,7775666136087164888,16014396901440918890,1018,6996242,1730660,3664886,247969,0,0,0,3912855
12,"control",189315734,18514,82131,36201,7775666136087164888,16014396901440918890,1018,6996242,1730660,6748273,247969,0,0,0,6996242
13,"control",192052389,18514,82131,36201,7775666136087164888,16014396901440918890,1018,6996242,1730660,6748273,247969,0,0,0,6996242
13,"treatment",187738789,18514,82131,36201,7775666136087164888,16014396901440918890,1018,6996242,1730660,3664886,247969,0,0,0,3912855
14,"treatment",186684797,18514,82131,36201,7775666136087164888,16014396901440918890,1018,6996242,1730660,3664886,247969,0,0,0,3912855
14,"control",196947313,18514,82131,36201,7775666136087164888,16014396901440918890,1018,6996242,1730660,6748273,247969,0,0,0,6996242
15,"control",192819894,18514,82131,36201,7775666136087164888,16014396901440918890,1018,6996242,1730660,6748273,247969,0,0,0,6996242
15,"treatment",190776674,18514,82131,36201,7775666136087164888,16014396901440918890,1018,6996242,1730660,3664886,247969,0,0,0,3912855
16,"treatment",191634843,18514,82131,36201,7775666136087164888,16014396901440918890,1018,6996242,1730660,3664886,247969,0,0,0,3912855
16,"control",192743607,18514,82131,36201,7775666136087164888,16014396901440918890,1018,6996242,1730660,6748273,247969,0,0,0,6996242
17,"control",191961232,18514,82131,36201,7775666136087164888,16014396901440918890,1018,6996242,1730660,6748273,247969,0,0,0,6996242
17,"treatment",195393728,18514,82131,36201,7775666136087164888,16014396901440918890,1018,6996242,1730660,3664886,247969,0,0,0,3912855
18,"treatment",196595770,18514,82131,36201,7775666136087164888,16014396901440918890,1018,6996242,1730660,3664886,247969,0,0,0,3912855
18,"control",188735616,18514,82131,36201,7775666136087164888,16014396901440918890,1018,6996242,1730660,6748273,247969,0,0,0,6996242
19,"control",190985286,18514,82131,36201,7775666136087164888,16014396901440918890,1018,6996242,1730660,6748273,247969,0,0,0,6996242
19,"treatment",187792133,18514,82131,36201,7775666136087164888,16014396901440918890,1018,6996242,1730660,3664886,247969,0,0,0,3912855
20,"treatment",188760681,18514,82131,36201,7775666136087164888,16014396901440918890,1018,6996242,1730660,3664886,247969,0,0,0,3912855
20,"control",192199399,18514,82131,36201,7775666136087164888,16014396901440918890,1018,6996242,1730660,6748273,247969,0,0,0,6996242
21,"control",192335538,18514,82131,36201,7775666136087164888,16014396901440918890,1018,6996242,1730660,6748273,247969,0,0,0,6996242
21,"treatment",187761953,18514,82131,36201,7775666136087164888,16014396901440918890,1018,6996242,1730660,3664886,247969,0,0,0,3912855
22,"treatment",186468787,18514,82131,36201,7775666136087164888,16014396901440918890,1018,6996242,1730660,3664886,247969,0,0,0,3912855
22,"control",194667062,18514,82131,36201,7775666136087164888,16014396901440918890,1018,6996242,1730660,6748273,247969,0,0,0,6996242
23,"control",194887791,18514,82131,36201,7775666136087164888,16014396901440918890,1018,6996242,1730660,6748273,247969,0,0,0,6996242
23,"treatment",188060989,18514,82131,36201,7775666136087164888,16014396901440918890,1018,6996242,1730660,3664886,247969,0,0,0,3912855
24,"treatment",188003859,18514,82131,36201,7775666136087164888,16014396901440918890,1018,6996242,1730660,3664886,247969,0,0,0,3912855
24,"control",194197288,18514,82131,36201,7775666136087164888,16014396901440918890,1018,6996242,1730660,6748273,247969,0,0,0,6996242
25,"control",190174679,18514,82131,36201,7775666136087164888,16014396901440918890,1018,6996242,1730660,6748273,247969,0,0,0,6996242
25,"treatment",192243416,18514,82131,36201,7775666136087164888,16014396901440918890,1018,6996242,1730660,3664886,247969,0,0,0,3912855
26,"treatment",187970885,18514,82131,36201,7775666136087164888,16014396901440918890,1018,6996242,1730660,3664886,247969,0,0,0,3912855
26,"control",190628600,18514,82131,36201,7775666136087164888,16014396901440918890,1018,6996242,1730660,6748273,247969,0,0,0,6996242
27,"control",193270655,18514,82131,36201,7775666136087164888,16014396901440918890,1018,6996242,1730660,6748273,247969,0,0,0,6996242
27,"treatment",186691373,18514,82131,36201,7775666136087164888,16014396901440918890,1018,6996242,1730660,3664886,247969,0,0,0,3912855
28,"treatment",187778085,18514,82131,36201,7775666136087164888,16014396901440918890,1018,6996242,1730660,3664886,247969,0,0,0,3912855
28,"control",191232795,18514,82131,36201,7775666136087164888,16014396901440918890,1018,6996242,1730660,6748273,247969,0,0,0,6996242
29,"control",192671064,18514,82131,36201,7775666136087164888,16014396901440918890,1018,6996242,1730660,6748273,247969,0,0,0,6996242
29,"treatment",188655450,18514,82131,36201,7775666136087164888,16014396901440918890,1018,6996242,1730660,3664886,247969,0,0,0,3912855
30,"treatment",186126498,18514,82131,36201,7775666136087164888,16014396901440918890,1018,6996242,1730660,3664886,247969,0,0,0,3912855
30,"control",192081413,18514,82131,36201,7775666136087164888,16014396901440918890,1018,6996242,1730660,6748273,247969,0,0,0,6996242
31,"control",191370984,18514,82131,36201,7775666136087164888,16014396901440918890,1018,6996242,1730660,6748273,247969,0,0,0,6996242
31,"treatment",191272937,18514,82131,36201,7775666136087164888,16014396901440918890,1018,6996242,1730660,3664886,247969,0,0,0,3912855
32,"treatment",189856156,18514,82131,36201,7775666136087164888,16014396901440918890,1018,6996242,1730660,3664886,247969,0,0,0,3912855
32,"control",192970679,18514,82131,36201,7775666136087164888,16014396901440918890,1018,6996242,1730660,6748273,247969,0,0,0,6996242
33,"control",191924141,18514,82131,36201,7775666136087164888,16014396901440918890,1018,6996242,1730660,6748273,247969,0,0,0,6996242
33,"treatment",189490470,18514,82131,36201,7775666136087164888,16014396901440918890,1018,6996242,1730660,3664886,247969,0,0,0,3912855
34,"treatment",188222442,18514,82131,36201,7775666136087164888,16014396901440918890,1018,6996242,1730660,3664886,247969,0,0,0,3912855
34,"control",192528488,18514,82131,36201,7775666136087164888,16014396901440918890,1018,6996242,1730660,6748273,247969,0,0,0,6996242
35,"control",192648915,18514,82131,36201,7775666136087164888,16014396901440918890,1018,6996242,1730660,6748273,247969,0,0,0,6996242
35,"treatment",194945815,18514,82131,36201,7775666136087164888,16014396901440918890,1018,6996242,1730660,3664886,247969,0,0,0,3912855
36,"treatment",186067048,18514,82131,36201,7775666136087164888,16014396901440918890,1018,6996242,1730660,3664886,247969,0,0,0,3912855
36,"control",192265405,18514,82131,36201,7775666136087164888,16014396901440918890,1018,6996242,1730660,6748273,247969,0,0,0,6996242
37,"control",193591412,18514,82131,36201,7775666136087164888,16014396901440918890,1018,6996242,1730660,6748273,247969,0,0,0,6996242
37,"treatment",190146451,18514,82131,36201,7775666136087164888,16014396901440918890,1018,6996242,1730660,3664886,247969,0,0,0,3912855
38,"treatment",187637948,18514,82131,36201,7775666136087164888,16014396901440918890,1018,6996242,1730660,3664886,247969,0,0,0,3912855
38,"control",192939994,18514,82131,36201,7775666136087164888,16014396901440918890,1018,6996242,1730660,6748273,247969,0,0,0,6996242
39,"control",191055775,18514,82131,36201,7775666136087164888,16014396901440918890,1018,6996242,1730660,6748273,247969,0,0,0,6996242
39,"treatment",188036543,18514,82131,36201,7775666136087164888,16014396901440918890,1018,6996242,1730660,3664886,247969,0,0,0,3912855
40,"treatment",186258807,18514,82131,36201,7775666136087164888,16014396901440918890,1018,6996242,1730660,3664886,247969,0,0,0,3912855
40,"control",197142089,18514,82131,36201,7775666136087164888,16014396901440918890,1018,6996242,1730660,6748273,247969,0,0,0,6996242
41,"control",192236946,18514,82131,36201,7775666136087164888,16014396901440918890,1018,6996242,1730660,6748273,247969,0,0,0,6996242
41,"treatment",184882893,18514,82131,36201,7775666136087164888,16014396901440918890,1018,6996242,1730660,3664886,247969,0,0,0,3912855
42,"treatment",190526146,18514,82131,36201,7775666136087164888,16014396901440918890,1018,6996242,1730660,3664886,247969,0,0,0,3912855
42,"control",193681016,18514,82131,36201,7775666136087164888,16014396901440918890,1018,6996242,1730660,6748273,247969,0,0,0,6996242
43,"control",191384605,18514,82131,36201,7775666136087164888,16014396901440918890,1018,6996242,1730660,6748273,247969,0,0,0,6996242
43,"treatment",187352100,18514,82131,36201,7775666136087164888,16014396901440918890,1018,6996242,1730660,3664886,247969,0,0,0,3912855
44,"treatment",187731598,18514,82131,36201,7775666136087164888,16014396901440918890,1018,6996242,1730660,3664886,247969,0,0,0,3912855
44,"control",193891443,18514,82131,36201,7775666136087164888,16014396901440918890,1018,6996242,1730660,6748273,247969,0,0,0,6996242
45,"control",194453629,18514,82131,36201,7775666136087164888,16014396901440918890,1018,6996242,1730660,6748273,247969,0,0,0,6996242
45,"treatment",188695938,18514,82131,36201,7775666136087164888,16014396901440918890,1018,6996242,1730660,3664886,247969,0,0,0,3912855
46,"treatment",189503801,18514,82131,36201,7775666136087164888,16014396901440918890,1018,6996242,1730660,3664886,247969,0,0,0,3912855
46,"control",192415258,18514,82131,36201,7775666136087164888,16014396901440918890,1018,6996242,1730660,6748273,247969,0,0,0,6996242
47,"control",195191548,18514,82131,36201,7775666136087164888,16014396901440918890,1018,6996242,1730660,6748273,247969,0,0,0,6996242
47,"treatment",189670827,18514,82131,36201,7775666136087164888,16014396901440918890,1018,6996242,1730660,3664886,247969,0,0,0,3912855
48,"treatment",189046600,18514,82131,36201,7775666136087164888,16014396901440918890,1018,6996242,1730660,3664886,247969,0,0,0,3912855
48,"control",191763639,18514,82131,36201,7775666136087164888,16014396901440918890,1018,6996242,1730660,6748273,247969,0,0,0,6996242
49,"control",191225416,18514,82131,36201,7775666136087164888,16014396901440918890,1018,6996242,1730660,6748273,247969,0,0,0,6996242
49,"treatment",188970946,18514,82131,36201,7775666136087164888,16014396901440918890,1018,6996242,1730660,3664886,247969,0,0,0,3912855
50,"treatment",191179238,18514,82131,36201,7775666136087164888,16014396901440918890,1018,6996242,1730660,3664886,247969,0,0,0,3912855
50,"control",193570536,18514,82131,36201,7775666136087164888,16014396901440918890,1018,6996242,1730660,6748273,247969,0,0,0,6996242
51,"control",196329112,18514,82131,36201,7775666136087164888,16014396901440918890,1018,6996242,1730660,6748273,247969,0,0,0,6996242
51,"treatment",192570928,18514,82131,36201,7775666136087164888,16014396901440918890,1018,6996242,1730660,3664886,247969,0,0,0,3912855
