sample,arm,query_ns,matches,term_bytes,distance_sum,checksum_u64,order_checksum_u64
1,"control",7465214743,251,2800,0,9745443505865888916,6411837946118065406
1,"treatment",8170810461,251,2800,0,9745443505865888916,6411837946118065406
2,"treatment",8069774341,251,2800,0,9745443505865888916,6411837946118065406
2,"control",7498264156,251,2800,0,9745443505865888916,6411837946118065406
3,"control",7384087122,251,2800,0,9745443505865888916,6411837946118065406
3,"treatment",8023162088,251,2800,0,9745443505865888916,6411837946118065406
4,"treatment",8128352161,251,2800,0,9745443505865888916,6411837946118065406
4,"control",7402405260,251,2800,0,9745443505865888916,6411837946118065406
5,"control",7423415298,251,2800,0,9745443505865888916,6411837946118065406
5,"treatment",8088788710,251,2800,0,9745443505865888916,6411837946118065406
6,"treatment",8456723014,251,2800,0,9745443505865888916,6411837946118065406
6,"control",7645858618,251,2800,0,9745443505865888916,6411837946118065406
7,"control",7526967270,251,2800,0,9745443505865888916,6411837946118065406
7,"treatment",8099390908,251,2800,0,9745443505865888916,6411837946118065406
8,"treatment",8125580555,251,2800,0,9745443505865888916,6411837946118065406
8,"control",7562352673,251,2800,0,9745443505865888916,6411837946118065406
9,"control",7363158901,251,2800,0,9745443505865888916,6411837946118065406
9,"treatment",8173877479,251,2800,0,9745443505865888916,6411837946118065406
10,"treatment",8263987604,251,2800,0,9745443505865888916,6411837946118065406
10,"control",7779126498,251,2800,0,9745443505865888916,6411837946118065406
11,"control",7666833601,251,2800,0,9745443505865888916,6411837946118065406
11,"treatment",8212975687,251,2800,0,9745443505865888916,6411837946118065406
12,"treatment",8395180661,251,2800,0,9745443505865888916,6411837946118065406
12,"control",7496440223,251,2800,0,9745443505865888916,6411837946118065406
13,"control",7775595500,251,2800,0,9745443505865888916,6411837946118065406
13,"treatment",8285992276,251,2800,0,9745443505865888916,6411837946118065406
14,"treatment",8326813427,251,2800,0,9745443505865888916,6411837946118065406
14,"control",7750596742,251,2800,0,9745443505865888916,6411837946118065406
15,"control",7772654856,251,2800,0,9745443505865888916,6411837946118065406
15,"treatment",8416681858,251,2800,0,9745443505865888916,6411837946118065406
16,"treatment",8378030571,251,2800,0,9745443505865888916,6411837946118065406
16,"control",7557133352,251,2800,0,9745443505865888916,6411837946118065406
17,"control",7543761099,251,2800,0,9745443505865888916,6411837946118065406
17,"treatment",8103874823,251,2800,0,9745443505865888916,6411837946118065406
18,"treatment",8148597208,251,2800,0,9745443505865888916,6411837946118065406
18,"control",7559356694,251,2800,0,9745443505865888916,6411837946118065406
19,"control",7539068317,251,2800,0,9745443505865888916,6411837946118065406
19,"treatment",8103826141,251,2800,0,9745443505865888916,6411837946118065406
20,"treatment",8085027340,251,2800,0,9745443505865888916,6411837946118065406
20,"control",7493265814,251,2800,0,9745443505865888916,6411837946118065406
21,"control",7314695663,251,2800,0,9745443505865888916,6411837946118065406
21,"treatment",8089946115,251,2800,0,9745443505865888916,6411837946118065406
22,"treatment",8002223041,251,2800,0,9745443505865888916,6411837946118065406
22,"control",7470581708,251,2800,0,9745443505865888916,6411837946118065406
23,"control",7487594117,251,2800,0,9745443505865888916,6411837946118065406
23,"treatment",8164252975,251,2800,0,9745443505865888916,6411837946118065406
24,"treatment",8108063055,251,2800,0,9745443505865888916,6411837946118065406
24,"control",7309798693,251,2800,0,9745443505865888916,6411837946118065406
25,"control",7499410608,251,2800,0,9745443505865888916,6411837946118065406
25,"treatment",8076876325,251,2800,0,9745443505865888916,6411837946118065406
26,"treatment",8127643675,251,2800,0,9745443505865888916,6411837946118065406
26,"control",7307719266,251,2800,0,9745443505865888916,6411837946118065406
27,"control",7482554321,251,2800,0,9745443505865888916,6411837946118065406
27,"treatment",8060793521,251,2800,0,9745443505865888916,6411837946118065406
28,"treatment",8132389419,251,2800,0,9745443505865888916,6411837946118065406
28,"control",7312075152,251,2800,0,9745443505865888916,6411837946118065406
29,"control",7470725678,251,2800,0,9745443505865888916,6411837946118065406
29,"treatment",8022525626,251,2800,0,9745443505865888916,6411837946118065406
30,"treatment",8117452054,251,2800,0,9745443505865888916,6411837946118065406
30,"control",7490460337,251,2800,0,9745443505865888916,6411837946118065406
31,"control",7442829646,251,2800,0,9745443505865888916,6411837946118065406
31,"treatment",10050531724,251,2800,0,9745443505865888916,6411837946118065406
32,"treatment",7980893144,251,2800,0,9745443505865888916,6411837946118065406
32,"control",7499957045,251,2800,0,9745443505865888916,6411837946118065406
33,"control",7431106928,251,2800,0,9745443505865888916,6411837946118065406
33,"treatment",7986913420,251,2800,0,9745443505865888916,6411837946118065406
34,"treatment",7973664620,251,2800,0,9745443505865888916,6411837946118065406
34,"control",7422794889,251,2800,0,9745443505865888916,6411837946118065406
35,"control",7500292211,251,2800,0,9745443505865888916,6411837946118065406
35,"treatment",8101411390,251,2800,0,9745443505865888916,6411837946118065406
36,"treatment",8105978540,251,2800,0,9745443505865888916,6411837946118065406
36,"control",7308392799,251,2800,0,9745443505865888916,6411837946118065406
37,"control",7425412056,251,2800,0,9745443505865888916,6411837946118065406
37,"treatment",8118860187,251,2800,0,9745443505865888916,6411837946118065406
38,"treatment",7999733301,251,2800,0,9745443505865888916,6411837946118065406
38,"control",7569784451,251,2800,0,9745443505865888916,6411837946118065406
39,"control",7414403367,251,2800,0,9745443505865888916,6411837946118065406
39,"treatment",8153763071,251,2800,0,9745443505865888916,6411837946118065406
40,"treatment",8060674801,251,2800,0,9745443505865888916,6411837946118065406
40,"control",8291951976,251,2800,0,9745443505865888916,6411837946118065406
41,"control",7463284337,251,2800,0,9745443505865888916,6411837946118065406
41,"treatment",8014029086,251,2800,0,9745443505865888916,6411837946118065406
42,"treatment",8032231085,251,2800,0,9745443505865888916,6411837946118065406
42,"control",7290355964,251,2800,0,9745443505865888916,6411837946118065406
43,"control",8942737588,251,2800,0,9745443505865888916,6411837946118065406
43,"treatment",7973490357,251,2800,0,9745443505865888916,6411837946118065406
44,"treatment",8060903664,251,2800,0,9745443505865888916,6411837946118065406
44,"control",7480390897,251,2800,0,9745443505865888916,6411837946118065406
45,"control",7440299760,251,2800,0,9745443505865888916,6411837946118065406
45,"treatment",8039114756,251,2800,0,9745443505865888916,6411837946118065406
46,"treatment",8094100057,251,2800,0,9745443505865888916,6411837946118065406
46,"control",7455687144,251,2800,0,9745443505865888916,6411837946118065406
47,"control",7326375069,251,2800,0,9745443505865888916,6411837946118065406
47,"treatment",8680331644,251,2800,0,9745443505865888916,6411837946118065406
48,"treatment",8072734062,251,2800,0,9745443505865888916,6411837946118065406
48,"control",7456711817,251,2800,0,9745443505865888916,6411837946118065406
49,"control",7514504987,251,2800,0,9745443505865888916,6411837946118065406
49,"treatment",8015725687,251,2800,0,9745443505865888916,6411837946118065406
50,"treatment",7993045913,251,2800,0,9745443505865888916,6411837946118065406
50,"control",7582857384,251,2800,0,9745443505865888916,6411837946118065406
51,"control",7777020840,251,2800,0,9745443505865888916,6411837946118065406
51,"treatment",8185576345,251,2800,0,9745443505865888916,6411837946118065406
