language	fns_exposed	fns_null_with_reason	enums_ok	iterator	reducer	phonetic_gating	readme_present	tests_present	findings
c	159/159	0	6/6	llev_query_cursor_next_batch	llev_query_cursor_reduce	llev_build_features	yes	yes	-
clojure	24/159	135	3/6	ResultCursor	reduce-batches	status-error	yes	yes	llev_merge_and_split_distance,llev_merge_and_split_distance_threshold,llev_hamming_distance,llev_hamming_distance_threshold,llev_indel_distance,llev_indel_distance_threshold,llev_affine_gap_distance,llev_affine_gap_distance_threshold,llev_hamming_distance_bytes,llev_hamming_distance_bytes_threshold,llev_hamming_distance_u64,llev_hamming_distance_u64_threshold,llev_indel_distance_bytes,llev_indel_distance_bytes_threshold,llev_indel_distance_u64,llev_indel_distance_u64_threshold,llev_affine_gap_distance_bytes,llev_affine_gap_distance_bytes_threshold,llev_affine_gap_distance_u64,llev_affine_gap_distance_u64_threshold,llev_distance_bytes,llev_distance_bytes_threshold,llev_distance_u64,llev_distance_u64_threshold,llev_damerau_distance_bytes,llev_damerau_distance_bytes_threshold,llev_damerau_distance_u64,llev_damerau_distance_u64_threshold,llev_true_damerau_distance_bytes,llev_true_damerau_distance_bytes_threshold,llev_true_damerau_distance_u64,llev_true_damerau_distance_u64_threshold,llev_merge_and_split_distance_bytes,llev_merge_and_split_distance_bytes_threshold,llev_merge_and_split_distance_u64,llev_merge_and_split_distance_u64_threshold,llev_transducer_query_filtered_utf8,llev_transducer_query_contextual_utf8,llev_transducer_query_pruned_utf8,llev_specialized_cursor_next_batch,llev_specialized_cursor_release_batch,llev_specialized_cursor_reduce,llev_specialized_cursor_free,llev_owned_bytes_free,llev_phonetic_rules_to_bytes,llev_phonetic_rules_from_bytes,llev_phonetic_pattern_to_bytes,llev_phonetic_pattern_from_bytes,llev_phonetic_pattern_load_llre_file,llev_phonetic_rules_load_file,llev_phonetic_articulatory_distance,llev_phonetic_articulatory_edit_distance,llev_phonetic_syllable_count,llev_phonetic_syllable_boundaries,llev_phonetic_grep_new,llev_phonetic_grep_free,llev_phonetic_grep_distance_config,llev_phonetic_grep_matches,llev_phonetic_grep_scan_line,llev_phonetic_grep_scan_text,llev_phonetic_dictionary_new,llev_phonetic_dictionary_free,llev_phonetic_dictionary_query,llev_phonetic_candidates_free,llev_phonetic_dictionary_update,llev_phonetic_online_new,llev_phonetic_online_free,llev_phonetic_online_normalized_query,llev_phonetic_online_scan,llev_phonetic_online_matches_free,llev_phonetic_online_stream_new,llev_phonetic_online_stream_free,llev_phonetic_online_stream_feed,llev_phonetic_online_stream_finish,llev_phonetic_token_new,llev_phonetic_token_free,llev_phonetic_token_scan,llev_phonetic_token_matches_free,llev_phonetic_transducer_new,llev_phonetic_transducer_free,llev_phonetic_transducer_feed,llev_phonetic_transducer_finish,llev_phonetic_transducer_reset,llev_phonetic_transducer_normalize,llev_phonetic_expand,llev_phonetic_expand_with_costs,llev_phonetic_features,llev_phonetic_chars_with_features,llev_phonetic_similar_chars,llev_phonetic_voicing_pair,llev_phonetic_feature_relation,llev_phonetic_expand_feature_based,llev_phonetic_feature_set_distance
cpp	83/159	76	6/6	vinary_tree::liblevenshtein::query_cursor::next_batch	llev_query_cursor_reduce	llev_build_features	yes	yes	llev_hamming_distance,llev_hamming_distance_threshold,llev_indel_distance,llev_indel_distance_threshold,llev_affine_gap_distance,llev_affine_gap_distance_threshold,llev_hamming_distance_bytes,llev_hamming_distance_bytes_threshold,llev_hamming_distance_u64,llev_hamming_distance_u64_threshold,llev_indel_distance_bytes,llev_indel_distance_bytes_threshold,llev_indel_distance_u64,llev_indel_distance_u64_threshold,llev_affine_gap_distance_bytes,llev_affine_gap_distance_bytes_threshold,llev_affine_gap_distance_u64,llev_affine_gap_distance_u64_threshold,llev_transducer_query_filtered_utf8,llev_transducer_query_contextual_utf8,llev_transducer_query_pruned_utf8,llev_specialized_cursor_next_batch,llev_specialized_cursor_release_batch,llev_specialized_cursor_reduce,llev_specialized_cursor_free,llev_owned_bytes_free,llev_phonetic_rules_to_bytes,llev_phonetic_rules_from_bytes,llev_phonetic_pattern_to_bytes,llev_phonetic_pattern_from_bytes,llev_phonetic_pattern_load_llre_file,llev_phonetic_rules_load_file,llev_phonetic_articulatory_distance,llev_phonetic_articulatory_edit_distance,llev_phonetic_syllable_count,llev_phonetic_syllable_boundaries,llev_phonetic_grep_new,llev_phonetic_grep_free,llev_phonetic_grep_distance_config,llev_phonetic_grep_matches,llev_phonetic_grep_scan_line,llev_phonetic_grep_scan_text,llev_phonetic_dictionary_new,llev_phonetic_dictionary_free,llev_phonetic_dictionary_query,llev_phonetic_candidates_free,llev_phonetic_dictionary_update,llev_phonetic_online_new,llev_phonetic_online_free,llev_phonetic_online_normalized_query,llev_phonetic_online_scan,llev_phonetic_online_matches_free,llev_phonetic_online_stream_new,llev_phonetic_online_stream_free,llev_phonetic_online_stream_feed,llev_phonetic_online_stream_finish,llev_phonetic_token_new,llev_phonetic_token_free,llev_phonetic_token_scan,llev_phonetic_token_matches_free,llev_phonetic_transducer_new,llev_phonetic_transducer_free,llev_phonetic_transducer_feed,llev_phonetic_transducer_finish,llev_phonetic_transducer_reset,llev_phonetic_transducer_normalize,llev_phonetic_expand,llev_phonetic_expand_with_costs,llev_phonetic_features,llev_phonetic_chars_with_features,llev_phonetic_similar_chars,llev_phonetic_voicing_pair,llev_phonetic_feature_relation,llev_phonetic_expand_feature_based,llev_phonetic_feature_set_distance
dotnet	35/159	124	6/6	Query.GetEnumerator	none	status-error	yes	yes	llev_merge_and_split_distance,llev_merge_and_split_distance_threshold,llev_hamming_distance,llev_hamming_distance_threshold,llev_indel_distance,llev_indel_distance_threshold,llev_affine_gap_distance,llev_affine_gap_distance_threshold,llev_hamming_distance_bytes,llev_hamming_distance_bytes_threshold,llev_hamming_distance_u64,llev_hamming_distance_u64_threshold,llev_indel_distance_bytes,llev_indel_distance_bytes_threshold,llev_indel_distance_u64,llev_indel_distance_u64_threshold,llev_affine_gap_distance_bytes,llev_affine_gap_distance_bytes_threshold,llev_affine_gap_distance_u64,llev_affine_gap_distance_u64_threshold,llev_distance_bytes,llev_distance_bytes_threshold,llev_distance_u64,llev_distance_u64_threshold,llev_damerau_distance_bytes,llev_damerau_distance_bytes_threshold,llev_damerau_distance_u64,llev_damerau_distance_u64_threshold,llev_true_damerau_distance_bytes,llev_true_damerau_distance_bytes_threshold,llev_true_damerau_distance_u64,llev_true_damerau_distance_u64_threshold,llev_merge_and_split_distance_bytes,llev_merge_and_split_distance_bytes_threshold,llev_merge_and_split_distance_u64,llev_merge_and_split_distance_u64_threshold,llev_transducer_query_filtered_utf8,llev_transducer_query_contextual_utf8,llev_transducer_query_pruned_utf8,llev_specialized_cursor_next_batch,llev_specialized_cursor_release_batch,llev_specialized_cursor_reduce,llev_specialized_cursor_free,llev_owned_bytes_free,llev_phonetic_rules_to_bytes,llev_phonetic_rules_from_bytes,llev_phonetic_pattern_to_bytes,llev_phonetic_pattern_from_bytes,llev_phonetic_pattern_load_llre_file,llev_phonetic_rules_load_file,llev_phonetic_articulatory_distance,llev_phonetic_articulatory_edit_distance,llev_phonetic_syllable_count,llev_phonetic_syllable_boundaries,llev_phonetic_grep_new,llev_phonetic_grep_free,llev_phonetic_grep_distance_config,llev_phonetic_grep_matches,llev_phonetic_grep_scan_line,llev_phonetic_grep_scan_text,llev_phonetic_dictionary_new,llev_phonetic_dictionary_free,llev_phonetic_dictionary_query,llev_phonetic_candidates_free,llev_phonetic_dictionary_update,llev_phonetic_online_new,llev_phonetic_online_free,llev_phonetic_online_normalized_query,llev_phonetic_online_scan,llev_phonetic_online_matches_free,llev_phonetic_online_stream_new,llev_phonetic_online_stream_free,llev_phonetic_online_stream_feed,llev_phonetic_online_stream_finish,llev_phonetic_token_new,llev_phonetic_token_free,llev_phonetic_token_scan,llev_phonetic_token_matches_free,llev_phonetic_transducer_new,llev_phonetic_transducer_free,llev_phonetic_transducer_feed,llev_phonetic_transducer_finish,llev_phonetic_transducer_reset,llev_phonetic_transducer_normalize,llev_phonetic_expand,llev_phonetic_expand_with_costs,llev_phonetic_features,llev_phonetic_chars_with_features,llev_phonetic_similar_chars,llev_phonetic_voicing_pair,llev_phonetic_feature_relation,llev_phonetic_expand_feature_based,llev_phonetic_feature_set_distance
fortran	34/159	125	4/6	query_iterator%next	none	status-error	yes	yes	llev_merge_and_split_distance,llev_merge_and_split_distance_threshold,llev_hamming_distance,llev_hamming_distance_threshold,llev_indel_distance,llev_indel_distance_threshold,llev_affine_gap_distance,llev_affine_gap_distance_threshold,llev_hamming_distance_bytes,llev_hamming_distance_bytes_threshold,llev_hamming_distance_u64,llev_hamming_distance_u64_threshold,llev_indel_distance_bytes,llev_indel_distance_bytes_threshold,llev_indel_distance_u64,llev_indel_distance_u64_threshold,llev_affine_gap_distance_bytes,llev_affine_gap_distance_bytes_threshold,llev_affine_gap_distance_u64,llev_affine_gap_distance_u64_threshold,llev_distance_bytes,llev_distance_bytes_threshold,llev_distance_u64,llev_distance_u64_threshold,llev_damerau_distance_bytes,llev_damerau_distance_bytes_threshold,llev_damerau_distance_u64,llev_damerau_distance_u64_threshold,llev_true_damerau_distance_bytes,llev_true_damerau_distance_bytes_threshold,llev_true_damerau_distance_u64,llev_true_damerau_distance_u64_threshold,llev_merge_and_split_distance_bytes,llev_merge_and_split_distance_bytes_threshold,llev_merge_and_split_distance_u64,llev_merge_and_split_distance_u64_threshold,llev_transducer_query_filtered_utf8,llev_transducer_query_contextual_utf8,llev_transducer_query_pruned_utf8,llev_specialized_cursor_next_batch,llev_specialized_cursor_release_batch,llev_specialized_cursor_reduce,llev_specialized_cursor_free,llev_owned_bytes_free,llev_phonetic_rules_to_bytes,llev_phonetic_rules_from_bytes,llev_phonetic_pattern_to_bytes,llev_phonetic_pattern_from_bytes,llev_phonetic_pattern_load_llre_file,llev_phonetic_rules_load_file,llev_phonetic_articulatory_distance,llev_phonetic_articulatory_edit_distance,llev_phonetic_syllable_count,llev_phonetic_syllable_boundaries,llev_phonetic_grep_new,llev_phonetic_grep_free,llev_phonetic_grep_distance_config,llev_phonetic_grep_matches,llev_phonetic_grep_scan_line,llev_phonetic_grep_scan_text,llev_phonetic_dictionary_new,llev_phonetic_dictionary_free,llev_phonetic_dictionary_query,llev_phonetic_candidates_free,llev_phonetic_dictionary_update,llev_phonetic_online_new,llev_phonetic_online_free,llev_phonetic_online_normalized_query,llev_phonetic_online_scan,llev_phonetic_online_matches_free,llev_phonetic_online_stream_new,llev_phonetic_online_stream_free,llev_phonetic_online_stream_feed,llev_phonetic_online_stream_finish,llev_phonetic_token_new,llev_phonetic_token_free,llev_phonetic_token_scan,llev_phonetic_token_matches_free,llev_phonetic_transducer_new,llev_phonetic_transducer_free,llev_phonetic_transducer_feed,llev_phonetic_transducer_finish,llev_phonetic_transducer_reset,llev_phonetic_transducer_normalize,llev_phonetic_expand,llev_phonetic_expand_with_costs,llev_phonetic_features,llev_phonetic_chars_with_features,llev_phonetic_similar_chars,llev_phonetic_voicing_pair,llev_phonetic_feature_relation,llev_phonetic_expand_feature_based,llev_phonetic_feature_set_distance
go	35/159	124	6/6	Iterator.Next	none	status-error	yes	yes	llev_merge_and_split_distance,llev_merge_and_split_distance_threshold,llev_hamming_distance,llev_hamming_distance_threshold,llev_indel_distance,llev_indel_distance_threshold,llev_affine_gap_distance,llev_affine_gap_distance_threshold,llev_hamming_distance_bytes,llev_hamming_distance_bytes_threshold,llev_hamming_distance_u64,llev_hamming_distance_u64_threshold,llev_indel_distance_bytes,llev_indel_distance_bytes_threshold,llev_indel_distance_u64,llev_indel_distance_u64_threshold,llev_affine_gap_distance_bytes,llev_affine_gap_distance_bytes_threshold,llev_affine_gap_distance_u64,llev_affine_gap_distance_u64_threshold,llev_distance_bytes,llev_distance_bytes_threshold,llev_distance_u64,llev_distance_u64_threshold,llev_damerau_distance_bytes,llev_damerau_distance_bytes_threshold,llev_damerau_distance_u64,llev_damerau_distance_u64_threshold,llev_true_damerau_distance_bytes,llev_true_damerau_distance_bytes_threshold,llev_true_damerau_distance_u64,llev_true_damerau_distance_u64_threshold,llev_merge_and_split_distance_bytes,llev_merge_and_split_distance_bytes_threshold,llev_merge_and_split_distance_u64,llev_merge_and_split_distance_u64_threshold,llev_transducer_query_filtered_utf8,llev_transducer_query_contextual_utf8,llev_transducer_query_pruned_utf8,llev_specialized_cursor_next_batch,llev_specialized_cursor_release_batch,llev_specialized_cursor_reduce,llev_specialized_cursor_free,llev_owned_bytes_free,llev_phonetic_rules_to_bytes,llev_phonetic_rules_from_bytes,llev_phonetic_pattern_to_bytes,llev_phonetic_pattern_from_bytes,llev_phonetic_pattern_load_llre_file,llev_phonetic_rules_load_file,llev_phonetic_articulatory_distance,llev_phonetic_articulatory_edit_distance,llev_phonetic_syllable_count,llev_phonetic_syllable_boundaries,llev_phonetic_grep_new,llev_phonetic_grep_free,llev_phonetic_grep_distance_config,llev_phonetic_grep_matches,llev_phonetic_grep_scan_line,llev_phonetic_grep_scan_text,llev_phonetic_dictionary_new,llev_phonetic_dictionary_free,llev_phonetic_dictionary_query,llev_phonetic_candidates_free,llev_phonetic_dictionary_update,llev_phonetic_online_new,llev_phonetic_online_free,llev_phonetic_online_normalized_query,llev_phonetic_online_scan,llev_phonetic_online_matches_free,llev_phonetic_online_stream_new,llev_phonetic_online_stream_free,llev_phonetic_online_stream_feed,llev_phonetic_online_stream_finish,llev_phonetic_token_new,llev_phonetic_token_free,llev_phonetic_token_scan,llev_phonetic_token_matches_free,llev_phonetic_transducer_new,llev_phonetic_transducer_free,llev_phonetic_transducer_feed,llev_phonetic_transducer_finish,llev_phonetic_transducer_reset,llev_phonetic_transducer_normalize,llev_phonetic_expand,llev_phonetic_expand_with_costs,llev_phonetic_features,llev_phonetic_chars_with_features,llev_phonetic_similar_chars,llev_phonetic_voicing_pair,llev_phonetic_feature_relation,llev_phonetic_expand_feature_based,llev_phonetic_feature_set_distance
haskell	34/159	125	3/6	next	foldBatches	status-error	yes	yes	llev_merge_and_split_distance,llev_merge_and_split_distance_threshold,llev_hamming_distance,llev_hamming_distance_threshold,llev_indel_distance,llev_indel_distance_threshold,llev_affine_gap_distance,llev_affine_gap_distance_threshold,llev_hamming_distance_bytes,llev_hamming_distance_bytes_threshold,llev_hamming_distance_u64,llev_hamming_distance_u64_threshold,llev_indel_distance_bytes,llev_indel_distance_bytes_threshold,llev_indel_distance_u64,llev_indel_distance_u64_threshold,llev_affine_gap_distance_bytes,llev_affine_gap_distance_bytes_threshold,llev_affine_gap_distance_u64,llev_affine_gap_distance_u64_threshold,llev_distance_bytes,llev_distance_bytes_threshold,llev_distance_u64,llev_distance_u64_threshold,llev_damerau_distance_bytes,llev_damerau_distance_bytes_threshold,llev_damerau_distance_u64,llev_damerau_distance_u64_threshold,llev_true_damerau_distance_bytes,llev_true_damerau_distance_bytes_threshold,llev_true_damerau_distance_u64,llev_true_damerau_distance_u64_threshold,llev_merge_and_split_distance_bytes,llev_merge_and_split_distance_bytes_threshold,llev_merge_and_split_distance_u64,llev_merge_and_split_distance_u64_threshold,llev_transducer_query_filtered_utf8,llev_transducer_query_contextual_utf8,llev_transducer_query_pruned_utf8,llev_specialized_cursor_next_batch,llev_specialized_cursor_release_batch,llev_specialized_cursor_reduce,llev_specialized_cursor_free,llev_owned_bytes_free,llev_phonetic_rules_to_bytes,llev_phonetic_rules_from_bytes,llev_phonetic_pattern_to_bytes,llev_phonetic_pattern_from_bytes,llev_phonetic_pattern_load_llre_file,llev_phonetic_rules_load_file,llev_phonetic_articulatory_distance,llev_phonetic_articulatory_edit_distance,llev_phonetic_syllable_count,llev_phonetic_syllable_boundaries,llev_phonetic_grep_new,llev_phonetic_grep_free,llev_phonetic_grep_distance_config,llev_phonetic_grep_matches,llev_phonetic_grep_scan_line,llev_phonetic_grep_scan_text,llev_phonetic_dictionary_new,llev_phonetic_dictionary_free,llev_phonetic_dictionary_query,llev_phonetic_candidates_free,llev_phonetic_dictionary_update,llev_phonetic_online_new,llev_phonetic_online_free,llev_phonetic_online_normalized_query,llev_phonetic_online_scan,llev_phonetic_online_matches_free,llev_phonetic_online_stream_new,llev_phonetic_online_stream_free,llev_phonetic_online_stream_feed,llev_phonetic_online_stream_finish,llev_phonetic_token_new,llev_phonetic_token_free,llev_phonetic_token_scan,llev_phonetic_token_matches_free,llev_phonetic_transducer_new,llev_phonetic_transducer_free,llev_phonetic_transducer_feed,llev_phonetic_transducer_finish,llev_phonetic_transducer_reset,llev_phonetic_transducer_normalize,llev_phonetic_expand,llev_phonetic_expand_with_costs,llev_phonetic_features,llev_phonetic_chars_with_features,llev_phonetic_similar_chars,llev_phonetic_voicing_pair,llev_phonetic_feature_relation,llev_phonetic_expand_feature_based,llev_phonetic_feature_set_distance
javascript	28/159	131	3/6	QueryCursor	QueryCursor.reduceBatches	status-error	yes	yes	llev_merge_and_split_distance,llev_merge_and_split_distance_threshold,llev_hamming_distance,llev_hamming_distance_threshold,llev_indel_distance,llev_indel_distance_threshold,llev_affine_gap_distance,llev_affine_gap_distance_threshold,llev_hamming_distance_bytes,llev_hamming_distance_bytes_threshold,llev_hamming_distance_u64,llev_hamming_distance_u64_threshold,llev_indel_distance_bytes,llev_indel_distance_bytes_threshold,llev_indel_distance_u64,llev_indel_distance_u64_threshold,llev_affine_gap_distance_bytes,llev_affine_gap_distance_bytes_threshold,llev_affine_gap_distance_u64,llev_affine_gap_distance_u64_threshold,llev_distance_bytes,llev_distance_bytes_threshold,llev_distance_u64,llev_distance_u64_threshold,llev_damerau_distance_bytes,llev_damerau_distance_bytes_threshold,llev_damerau_distance_u64,llev_damerau_distance_u64_threshold,llev_true_damerau_distance_bytes,llev_true_damerau_distance_bytes_threshold,llev_true_damerau_distance_u64,llev_true_damerau_distance_u64_threshold,llev_merge_and_split_distance_bytes,llev_merge_and_split_distance_bytes_threshold,llev_merge_and_split_distance_u64,llev_merge_and_split_distance_u64_threshold,llev_transducer_query_filtered_utf8,llev_transducer_query_contextual_utf8,llev_transducer_query_pruned_utf8,llev_specialized_cursor_next_batch,llev_specialized_cursor_release_batch,llev_specialized_cursor_reduce,llev_specialized_cursor_free,llev_owned_bytes_free,llev_phonetic_rules_to_bytes,llev_phonetic_rules_from_bytes,llev_phonetic_pattern_to_bytes,llev_phonetic_pattern_from_bytes,llev_phonetic_pattern_load_llre_file,llev_phonetic_rules_load_file,llev_phonetic_articulatory_distance,llev_phonetic_articulatory_edit_distance,llev_phonetic_syllable_count,llev_phonetic_syllable_boundaries,llev_phonetic_grep_new,llev_phonetic_grep_free,llev_phonetic_grep_distance_config,llev_phonetic_grep_matches,llev_phonetic_grep_scan_line,llev_phonetic_grep_scan_text,llev_phonetic_dictionary_new,llev_phonetic_dictionary_free,llev_phonetic_dictionary_query,llev_phonetic_candidates_free,llev_phonetic_dictionary_update,llev_phonetic_online_new,llev_phonetic_online_free,llev_phonetic_online_normalized_query,llev_phonetic_online_scan,llev_phonetic_online_matches_free,llev_phonetic_online_stream_new,llev_phonetic_online_stream_free,llev_phonetic_online_stream_feed,llev_phonetic_online_stream_finish,llev_phonetic_token_new,llev_phonetic_token_free,llev_phonetic_token_scan,llev_phonetic_token_matches_free,llev_phonetic_transducer_new,llev_phonetic_transducer_free,llev_phonetic_transducer_feed,llev_phonetic_transducer_finish,llev_phonetic_transducer_reset,llev_phonetic_transducer_normalize,llev_phonetic_expand,llev_phonetic_expand_with_costs,llev_phonetic_features,llev_phonetic_chars_with_features,llev_phonetic_similar_chars,llev_phonetic_voicing_pair,llev_phonetic_feature_relation,llev_phonetic_expand_feature_based,llev_phonetic_feature_set_distance
javascript-runtime	34/159	125	3/6	QueryCursor.next	QueryCursor.reduceBatches	status-error	yes	yes	llev_merge_and_split_distance,llev_merge_and_split_distance_threshold,llev_hamming_distance,llev_hamming_distance_threshold,llev_indel_distance,llev_indel_distance_threshold,llev_affine_gap_distance,llev_affine_gap_distance_threshold,llev_hamming_distance_bytes,llev_hamming_distance_bytes_threshold,llev_hamming_distance_u64,llev_hamming_distance_u64_threshold,llev_indel_distance_bytes,llev_indel_distance_bytes_threshold,llev_indel_distance_u64,llev_indel_distance_u64_threshold,llev_affine_gap_distance_bytes,llev_affine_gap_distance_bytes_threshold,llev_affine_gap_distance_u64,llev_affine_gap_distance_u64_threshold,llev_distance_bytes,llev_distance_bytes_threshold,llev_distance_u64,llev_distance_u64_threshold,llev_damerau_distance_bytes,llev_damerau_distance_bytes_threshold,llev_damerau_distance_u64,llev_damerau_distance_u64_threshold,llev_true_damerau_distance_bytes,llev_true_damerau_distance_bytes_threshold,llev_true_damerau_distance_u64,llev_true_damerau_distance_u64_threshold,llev_merge_and_split_distance_bytes,llev_merge_and_split_distance_bytes_threshold,llev_merge_and_split_distance_u64,llev_merge_and_split_distance_u64_threshold,llev_transducer_query_filtered_utf8,llev_transducer_query_contextual_utf8,llev_transducer_query_pruned_utf8,llev_specialized_cursor_next_batch,llev_specialized_cursor_release_batch,llev_specialized_cursor_reduce,llev_specialized_cursor_free,llev_owned_bytes_free,llev_phonetic_rules_to_bytes,llev_phonetic_rules_from_bytes,llev_phonetic_pattern_to_bytes,llev_phonetic_pattern_from_bytes,llev_phonetic_pattern_load_llre_file,llev_phonetic_rules_load_file,llev_phonetic_articulatory_distance,llev_phonetic_articulatory_edit_distance,llev_phonetic_syllable_count,llev_phonetic_syllable_boundaries,llev_phonetic_grep_new,llev_phonetic_grep_free,llev_phonetic_grep_distance_config,llev_phonetic_grep_matches,llev_phonetic_grep_scan_line,llev_phonetic_grep_scan_text,llev_phonetic_dictionary_new,llev_phonetic_dictionary_free,llev_phonetic_dictionary_query,llev_phonetic_candidates_free,llev_phonetic_dictionary_update,llev_phonetic_online_new,llev_phonetic_online_free,llev_phonetic_online_normalized_query,llev_phonetic_online_scan,llev_phonetic_online_matches_free,llev_phonetic_online_stream_new,llev_phonetic_online_stream_free,llev_phonetic_online_stream_feed,llev_phonetic_online_stream_finish,llev_phonetic_token_new,llev_phonetic_token_free,llev_phonetic_token_scan,llev_phonetic_token_matches_free,llev_phonetic_transducer_new,llev_phonetic_transducer_free,llev_phonetic_transducer_feed,llev_phonetic_transducer_finish,llev_phonetic_transducer_reset,llev_phonetic_transducer_normalize,llev_phonetic_expand,llev_phonetic_expand_with_costs,llev_phonetic_features,llev_phonetic_chars_with_features,llev_phonetic_similar_chars,llev_phonetic_voicing_pair,llev_phonetic_feature_relation,llev_phonetic_expand_feature_based,llev_phonetic_feature_set_distance
julia	138/159	21	6/6	QueryCursor	reduce_batches!	build_features	yes	yes	llev_hamming_distance,llev_hamming_distance_threshold,llev_indel_distance,llev_indel_distance_threshold,llev_affine_gap_distance,llev_affine_gap_distance_threshold,llev_hamming_distance_bytes,llev_hamming_distance_bytes_threshold,llev_hamming_distance_u64,llev_hamming_distance_u64_threshold,llev_indel_distance_bytes,llev_indel_distance_bytes_threshold,llev_indel_distance_u64,llev_indel_distance_u64_threshold,llev_affine_gap_distance_bytes,llev_affine_gap_distance_bytes_threshold,llev_affine_gap_distance_u64,llev_affine_gap_distance_u64_threshold
jvm	30/159	129	6/6	QueryCursor.next	QueryCursor.forEachBatch	status-error	yes	yes	llev_merge_and_split_distance,llev_merge_and_split_distance_threshold,llev_hamming_distance,llev_hamming_distance_threshold,llev_indel_distance,llev_indel_distance_threshold,llev_affine_gap_distance,llev_affine_gap_distance_threshold,llev_hamming_distance_bytes,llev_hamming_distance_bytes_threshold,llev_hamming_distance_u64,llev_hamming_distance_u64_threshold,llev_indel_distance_bytes,llev_indel_distance_bytes_threshold,llev_indel_distance_u64,llev_indel_distance_u64_threshold,llev_affine_gap_distance_bytes,llev_affine_gap_distance_bytes_threshold,llev_affine_gap_distance_u64,llev_affine_gap_distance_u64_threshold,llev_distance_bytes,llev_distance_bytes_threshold,llev_distance_u64,llev_distance_u64_threshold,llev_damerau_distance_bytes,llev_damerau_distance_bytes_threshold,llev_damerau_distance_u64,llev_damerau_distance_u64_threshold,llev_true_damerau_distance_bytes,llev_true_damerau_distance_bytes_threshold,llev_true_damerau_distance_u64,llev_true_damerau_distance_u64_threshold,llev_merge_and_split_distance_bytes,llev_merge_and_split_distance_bytes_threshold,llev_merge_and_split_distance_u64,llev_merge_and_split_distance_u64_threshold,llev_transducer_query_filtered_utf8,llev_transducer_query_contextual_utf8,llev_transducer_query_pruned_utf8,llev_specialized_cursor_next_batch,llev_specialized_cursor_release_batch,llev_specialized_cursor_reduce,llev_specialized_cursor_free,llev_owned_bytes_free,llev_phonetic_rules_to_bytes,llev_phonetic_rules_from_bytes,llev_phonetic_pattern_to_bytes,llev_phonetic_pattern_from_bytes,llev_phonetic_pattern_load_llre_file,llev_phonetic_rules_load_file,llev_phonetic_articulatory_distance,llev_phonetic_articulatory_edit_distance,llev_phonetic_syllable_count,llev_phonetic_syllable_boundaries,llev_phonetic_grep_new,llev_phonetic_grep_free,llev_phonetic_grep_distance_config,llev_phonetic_grep_matches,llev_phonetic_grep_scan_line,llev_phonetic_grep_scan_text,llev_phonetic_dictionary_new,llev_phonetic_dictionary_free,llev_phonetic_dictionary_query,llev_phonetic_candidates_free,llev_phonetic_dictionary_update,llev_phonetic_online_new,llev_phonetic_online_free,llev_phonetic_online_normalized_query,llev_phonetic_online_scan,llev_phonetic_online_matches_free,llev_phonetic_online_stream_new,llev_phonetic_online_stream_free,llev_phonetic_online_stream_feed,llev_phonetic_online_stream_finish,llev_phonetic_token_new,llev_phonetic_token_free,llev_phonetic_token_scan,llev_phonetic_token_matches_free,llev_phonetic_transducer_new,llev_phonetic_transducer_free,llev_phonetic_transducer_feed,llev_phonetic_transducer_finish,llev_phonetic_transducer_reset,llev_phonetic_transducer_normalize,llev_phonetic_expand,llev_phonetic_expand_with_costs,llev_phonetic_features,llev_phonetic_chars_with_features,llev_phonetic_similar_chars,llev_phonetic_voicing_pair,llev_phonetic_feature_relation,llev_phonetic_expand_feature_based,llev_phonetic_feature_set_distance
lua	35/159	124	4/6	cursor:next	cursor:reduce_batches	status-error	yes	yes	llev_merge_and_split_distance,llev_merge_and_split_distance_threshold,llev_hamming_distance,llev_hamming_distance_threshold,llev_indel_distance,llev_indel_distance_threshold,llev_affine_gap_distance,llev_affine_gap_distance_threshold,llev_hamming_distance_bytes,llev_hamming_distance_bytes_threshold,llev_hamming_distance_u64,llev_hamming_distance_u64_threshold,llev_indel_distance_bytes,llev_indel_distance_bytes_threshold,llev_indel_distance_u64,llev_indel_distance_u64_threshold,llev_affine_gap_distance_bytes,llev_affine_gap_distance_bytes_threshold,llev_affine_gap_distance_u64,llev_affine_gap_distance_u64_threshold,llev_distance_bytes,llev_distance_bytes_threshold,llev_distance_u64,llev_distance_u64_threshold,llev_damerau_distance_bytes,llev_damerau_distance_bytes_threshold,llev_damerau_distance_u64,llev_damerau_distance_u64_threshold,llev_true_damerau_distance_bytes,llev_true_damerau_distance_bytes_threshold,llev_true_damerau_distance_u64,llev_true_damerau_distance_u64_threshold,llev_merge_and_split_distance_bytes,llev_merge_and_split_distance_bytes_threshold,llev_merge_and_split_distance_u64,llev_merge_and_split_distance_u64_threshold,llev_transducer_query_filtered_utf8,llev_transducer_query_contextual_utf8,llev_transducer_query_pruned_utf8,llev_specialized_cursor_next_batch,llev_specialized_cursor_release_batch,llev_specialized_cursor_reduce,llev_specialized_cursor_free,llev_owned_bytes_free,llev_phonetic_rules_to_bytes,llev_phonetic_rules_from_bytes,llev_phonetic_pattern_to_bytes,llev_phonetic_pattern_from_bytes,llev_phonetic_pattern_load_llre_file,llev_phonetic_rules_load_file,llev_phonetic_articulatory_distance,llev_phonetic_articulatory_edit_distance,llev_phonetic_syllable_count,llev_phonetic_syllable_boundaries,llev_phonetic_grep_new,llev_phonetic_grep_free,llev_phonetic_grep_distance_config,llev_phonetic_grep_matches,llev_phonetic_grep_scan_line,llev_phonetic_grep_scan_text,llev_phonetic_dictionary_new,llev_phonetic_dictionary_free,llev_phonetic_dictionary_query,llev_phonetic_candidates_free,llev_phonetic_dictionary_update,llev_phonetic_online_new,llev_phonetic_online_free,llev_phonetic_online_normalized_query,llev_phonetic_online_scan,llev_phonetic_online_matches_free,llev_phonetic_online_stream_new,llev_phonetic_online_stream_free,llev_phonetic_online_stream_feed,llev_phonetic_online_stream_finish,llev_phonetic_token_new,llev_phonetic_token_free,llev_phonetic_token_scan,llev_phonetic_token_matches_free,llev_phonetic_transducer_new,llev_phonetic_transducer_free,llev_phonetic_transducer_feed,llev_phonetic_transducer_finish,llev_phonetic_transducer_reset,llev_phonetic_transducer_normalize,llev_phonetic_expand,llev_phonetic_expand_with_costs,llev_phonetic_features,llev_phonetic_chars_with_features,llev_phonetic_similar_chars,llev_phonetic_voicing_pair,llev_phonetic_feature_relation,llev_phonetic_expand_feature_based,llev_phonetic_feature_set_distance
ocaml	34/159	125	3/6	next	fold_batches	status-error	yes	yes	llev_merge_and_split_distance,llev_merge_and_split_distance_threshold,llev_hamming_distance,llev_hamming_distance_threshold,llev_indel_distance,llev_indel_distance_threshold,llev_affine_gap_distance,llev_affine_gap_distance_threshold,llev_hamming_distance_bytes,llev_hamming_distance_bytes_threshold,llev_hamming_distance_u64,llev_hamming_distance_u64_threshold,llev_indel_distance_bytes,llev_indel_distance_bytes_threshold,llev_indel_distance_u64,llev_indel_distance_u64_threshold,llev_affine_gap_distance_bytes,llev_affine_gap_distance_bytes_threshold,llev_affine_gap_distance_u64,llev_affine_gap_distance_u64_threshold,llev_distance_bytes,llev_distance_bytes_threshold,llev_distance_u64,llev_distance_u64_threshold,llev_damerau_distance_bytes,llev_damerau_distance_bytes_threshold,llev_damerau_distance_u64,llev_damerau_distance_u64_threshold,llev_true_damerau_distance_bytes,llev_true_damerau_distance_bytes_threshold,llev_true_damerau_distance_u64,llev_true_damerau_distance_u64_threshold,llev_merge_and_split_distance_bytes,llev_merge_and_split_distance_bytes_threshold,llev_merge_and_split_distance_u64,llev_merge_and_split_distance_u64_threshold,llev_transducer_query_filtered_utf8,llev_transducer_query_contextual_utf8,llev_transducer_query_pruned_utf8,llev_specialized_cursor_next_batch,llev_specialized_cursor_release_batch,llev_specialized_cursor_reduce,llev_specialized_cursor_free,llev_owned_bytes_free,llev_phonetic_rules_to_bytes,llev_phonetic_rules_from_bytes,llev_phonetic_pattern_to_bytes,llev_phonetic_pattern_from_bytes,llev_phonetic_pattern_load_llre_file,llev_phonetic_rules_load_file,llev_phonetic_articulatory_distance,llev_phonetic_articulatory_edit_distance,llev_phonetic_syllable_count,llev_phonetic_syllable_boundaries,llev_phonetic_grep_new,llev_phonetic_grep_free,llev_phonetic_grep_distance_config,llev_phonetic_grep_matches,llev_phonetic_grep_scan_line,llev_phonetic_grep_scan_text,llev_phonetic_dictionary_new,llev_phonetic_dictionary_free,llev_phonetic_dictionary_query,llev_phonetic_candidates_free,llev_phonetic_dictionary_update,llev_phonetic_online_new,llev_phonetic_online_free,llev_phonetic_online_normalized_query,llev_phonetic_online_scan,llev_phonetic_online_matches_free,llev_phonetic_online_stream_new,llev_phonetic_online_stream_free,llev_phonetic_online_stream_feed,llev_phonetic_online_stream_finish,llev_phonetic_token_new,llev_phonetic_token_free,llev_phonetic_token_scan,llev_phonetic_token_matches_free,llev_phonetic_transducer_new,llev_phonetic_transducer_free,llev_phonetic_transducer_feed,llev_phonetic_transducer_finish,llev_phonetic_transducer_reset,llev_phonetic_transducer_normalize,llev_phonetic_expand,llev_phonetic_expand_with_costs,llev_phonetic_features,llev_phonetic_chars_with_features,llev_phonetic_similar_chars,llev_phonetic_voicing_pair,llev_phonetic_feature_relation,llev_phonetic_expand_feature_based,llev_phonetic_feature_set_distance
python	30/159	129	6/6	QueryCursor.__next__	QueryCursor.reduce	status-error	yes	yes	llev_merge_and_split_distance,llev_merge_and_split_distance_threshold,llev_hamming_distance,llev_hamming_distance_threshold,llev_indel_distance,llev_indel_distance_threshold,llev_affine_gap_distance,llev_affine_gap_distance_threshold,llev_hamming_distance_bytes,llev_hamming_distance_bytes_threshold,llev_hamming_distance_u64,llev_hamming_distance_u64_threshold,llev_indel_distance_bytes,llev_indel_distance_bytes_threshold,llev_indel_distance_u64,llev_indel_distance_u64_threshold,llev_affine_gap_distance_bytes,llev_affine_gap_distance_bytes_threshold,llev_affine_gap_distance_u64,llev_affine_gap_distance_u64_threshold,llev_distance_bytes,llev_distance_bytes_threshold,llev_distance_u64,llev_distance_u64_threshold,llev_damerau_distance_bytes,llev_damerau_distance_bytes_threshold,llev_damerau_distance_u64,llev_damerau_distance_u64_threshold,llev_true_damerau_distance_bytes,llev_true_damerau_distance_bytes_threshold,llev_true_damerau_distance_u64,llev_true_damerau_distance_u64_threshold,llev_merge_and_split_distance_bytes,llev_merge_and_split_distance_bytes_threshold,llev_merge_and_split_distance_u64,llev_merge_and_split_distance_u64_threshold,llev_transducer_query_filtered_utf8,llev_transducer_query_contextual_utf8,llev_transducer_query_pruned_utf8,llev_specialized_cursor_next_batch,llev_specialized_cursor_release_batch,llev_specialized_cursor_reduce,llev_specialized_cursor_free,llev_owned_bytes_free,llev_phonetic_rules_to_bytes,llev_phonetic_rules_from_bytes,llev_phonetic_pattern_to_bytes,llev_phonetic_pattern_from_bytes,llev_phonetic_pattern_load_llre_file,llev_phonetic_rules_load_file,llev_phonetic_articulatory_distance,llev_phonetic_articulatory_edit_distance,llev_phonetic_syllable_count,llev_phonetic_syllable_boundaries,llev_phonetic_grep_new,llev_phonetic_grep_free,llev_phonetic_grep_distance_config,llev_phonetic_grep_matches,llev_phonetic_grep_scan_line,llev_phonetic_grep_scan_text,llev_phonetic_dictionary_new,llev_phonetic_dictionary_free,llev_phonetic_dictionary_query,llev_phonetic_candidates_free,llev_phonetic_dictionary_update,llev_phonetic_online_new,llev_phonetic_online_free,llev_phonetic_online_normalized_query,llev_phonetic_online_scan,llev_phonetic_online_matches_free,llev_phonetic_online_stream_new,llev_phonetic_online_stream_free,llev_phonetic_online_stream_feed,llev_phonetic_online_stream_finish,llev_phonetic_token_new,llev_phonetic_token_free,llev_phonetic_token_scan,llev_phonetic_token_matches_free,llev_phonetic_transducer_new,llev_phonetic_transducer_free,llev_phonetic_transducer_feed,llev_phonetic_transducer_finish,llev_phonetic_transducer_reset,llev_phonetic_transducer_normalize,llev_phonetic_expand,llev_phonetic_expand_with_costs,llev_phonetic_features,llev_phonetic_chars_with_features,llev_phonetic_similar_chars,llev_phonetic_voicing_pair,llev_phonetic_feature_relation,llev_phonetic_expand_feature_based,llev_phonetic_feature_set_distance
raku	90/159	69	6/6	QueryCursor	reduce-batches	build-features	yes	yes	llev_transducer_query_filtered_utf8,llev_transducer_query_contextual_utf8,llev_transducer_query_pruned_utf8,llev_specialized_cursor_next_batch,llev_specialized_cursor_release_batch,llev_specialized_cursor_reduce,llev_specialized_cursor_free,llev_owned_bytes_free,llev_phonetic_rules_to_bytes,llev_phonetic_rules_from_bytes,llev_phonetic_pattern_to_bytes,llev_phonetic_pattern_from_bytes,llev_phonetic_pattern_load_llre_file,llev_phonetic_rules_load_file,llev_phonetic_articulatory_distance,llev_phonetic_articulatory_edit_distance,llev_phonetic_syllable_count,llev_phonetic_syllable_boundaries,llev_phonetic_grep_new,llev_phonetic_grep_free,llev_phonetic_grep_distance_config,llev_phonetic_grep_matches,llev_phonetic_grep_scan_line,llev_phonetic_grep_scan_text,llev_phonetic_dictionary_new,llev_phonetic_dictionary_free,llev_phonetic_dictionary_query,llev_phonetic_candidates_free,llev_phonetic_dictionary_update,llev_phonetic_online_new,llev_phonetic_online_free,llev_phonetic_online_normalized_query,llev_phonetic_online_scan,llev_phonetic_online_matches_free,llev_phonetic_online_stream_new,llev_phonetic_online_stream_free,llev_phonetic_online_stream_feed,llev_phonetic_online_stream_finish,llev_phonetic_token_new,llev_phonetic_token_free,llev_phonetic_token_scan,llev_phonetic_token_matches_free,llev_phonetic_transducer_new,llev_phonetic_transducer_free,llev_phonetic_transducer_feed,llev_phonetic_transducer_finish,llev_phonetic_transducer_reset,llev_phonetic_transducer_normalize,llev_phonetic_expand,llev_phonetic_expand_with_costs,llev_phonetic_features,llev_phonetic_chars_with_features,llev_phonetic_similar_chars,llev_phonetic_voicing_pair,llev_phonetic_feature_relation,llev_phonetic_expand_feature_based,llev_phonetic_feature_set_distance
ruby	35/159	124	6/6	Query#each	none	status-error	yes	yes	llev_merge_and_split_distance,llev_merge_and_split_distance_threshold,llev_hamming_distance,llev_hamming_distance_threshold,llev_indel_distance,llev_indel_distance_threshold,llev_affine_gap_distance,llev_affine_gap_distance_threshold,llev_hamming_distance_bytes,llev_hamming_distance_bytes_threshold,llev_hamming_distance_u64,llev_hamming_distance_u64_threshold,llev_indel_distance_bytes,llev_indel_distance_bytes_threshold,llev_indel_distance_u64,llev_indel_distance_u64_threshold,llev_affine_gap_distance_bytes,llev_affine_gap_distance_bytes_threshold,llev_affine_gap_distance_u64,llev_affine_gap_distance_u64_threshold,llev_distance_bytes,llev_distance_bytes_threshold,llev_distance_u64,llev_distance_u64_threshold,llev_damerau_distance_bytes,llev_damerau_distance_bytes_threshold,llev_damerau_distance_u64,llev_damerau_distance_u64_threshold,llev_true_damerau_distance_bytes,llev_true_damerau_distance_bytes_threshold,llev_true_damerau_distance_u64,llev_true_damerau_distance_u64_threshold,llev_merge_and_split_distance_bytes,llev_merge_and_split_distance_bytes_threshold,llev_merge_and_split_distance_u64,llev_merge_and_split_distance_u64_threshold,llev_transducer_query_filtered_utf8,llev_transducer_query_contextual_utf8,llev_transducer_query_pruned_utf8,llev_specialized_cursor_next_batch,llev_specialized_cursor_release_batch,llev_specialized_cursor_reduce,llev_specialized_cursor_free,llev_owned_bytes_free,llev_phonetic_rules_to_bytes,llev_phonetic_rules_from_bytes,llev_phonetic_pattern_to_bytes,llev_phonetic_pattern_from_bytes,llev_phonetic_pattern_load_llre_file,llev_phonetic_rules_load_file,llev_phonetic_articulatory_distance,llev_phonetic_articulatory_edit_distance,llev_phonetic_syllable_count,llev_phonetic_syllable_boundaries,llev_phonetic_grep_new,llev_phonetic_grep_free,llev_phonetic_grep_distance_config,llev_phonetic_grep_matches,llev_phonetic_grep_scan_line,llev_phonetic_grep_scan_text,llev_phonetic_dictionary_new,llev_phonetic_dictionary_free,llev_phonetic_dictionary_query,llev_phonetic_candidates_free,llev_phonetic_dictionary_update,llev_phonetic_online_new,llev_phonetic_online_free,llev_phonetic_online_normalized_query,llev_phonetic_online_scan,llev_phonetic_online_matches_free,llev_phonetic_online_stream_new,llev_phonetic_online_stream_free,llev_phonetic_online_stream_feed,llev_phonetic_online_stream_finish,llev_phonetic_token_new,llev_phonetic_token_free,llev_phonetic_token_scan,llev_phonetic_token_matches_free,llev_phonetic_transducer_new,llev_phonetic_transducer_free,llev_phonetic_transducer_feed,llev_phonetic_transducer_finish,llev_phonetic_transducer_reset,llev_phonetic_transducer_normalize,llev_phonetic_expand,llev_phonetic_expand_with_costs,llev_phonetic_features,llev_phonetic_chars_with_features,llev_phonetic_similar_chars,llev_phonetic_voicing_pair,llev_phonetic_feature_relation,llev_phonetic_expand_feature_based,llev_phonetic_feature_set_distance
swift	35/159	124	6/6	QueryCursor.next	QueryCursor.reduceBatches	status-error	yes	yes	llev_merge_and_split_distance,llev_merge_and_split_distance_threshold,llev_hamming_distance,llev_hamming_distance_threshold,llev_indel_distance,llev_indel_distance_threshold,llev_affine_gap_distance,llev_affine_gap_distance_threshold,llev_hamming_distance_bytes,llev_hamming_distance_bytes_threshold,llev_hamming_distance_u64,llev_hamming_distance_u64_threshold,llev_indel_distance_bytes,llev_indel_distance_bytes_threshold,llev_indel_distance_u64,llev_indel_distance_u64_threshold,llev_affine_gap_distance_bytes,llev_affine_gap_distance_bytes_threshold,llev_affine_gap_distance_u64,llev_affine_gap_distance_u64_threshold,llev_distance_bytes,llev_distance_bytes_threshold,llev_distance_u64,llev_distance_u64_threshold,llev_damerau_distance_bytes,llev_damerau_distance_bytes_threshold,llev_damerau_distance_u64,llev_damerau_distance_u64_threshold,llev_true_damerau_distance_bytes,llev_true_damerau_distance_bytes_threshold,llev_true_damerau_distance_u64,llev_true_damerau_distance_u64_threshold,llev_merge_and_split_distance_bytes,llev_merge_and_split_distance_bytes_threshold,llev_merge_and_split_distance_u64,llev_merge_and_split_distance_u64_threshold,llev_transducer_query_filtered_utf8,llev_transducer_query_contextual_utf8,llev_transducer_query_pruned_utf8,llev_specialized_cursor_next_batch,llev_specialized_cursor_release_batch,llev_specialized_cursor_reduce,llev_specialized_cursor_free,llev_owned_bytes_free,llev_phonetic_rules_to_bytes,llev_phonetic_rules_from_bytes,llev_phonetic_pattern_to_bytes,llev_phonetic_pattern_from_bytes,llev_phonetic_pattern_load_llre_file,llev_phonetic_rules_load_file,llev_phonetic_articulatory_distance,llev_phonetic_articulatory_edit_distance,llev_phonetic_syllable_count,llev_phonetic_syllable_boundaries,llev_phonetic_grep_new,llev_phonetic_grep_free,llev_phonetic_grep_distance_config,llev_phonetic_grep_matches,llev_phonetic_grep_scan_line,llev_phonetic_grep_scan_text,llev_phonetic_dictionary_new,llev_phonetic_dictionary_free,llev_phonetic_dictionary_query,llev_phonetic_candidates_free,llev_phonetic_dictionary_update,llev_phonetic_online_new,llev_phonetic_online_free,llev_phonetic_online_normalized_query,llev_phonetic_online_scan,llev_phonetic_online_matches_free,llev_phonetic_online_stream_new,llev_phonetic_online_stream_free,llev_phonetic_online_stream_feed,llev_phonetic_online_stream_finish,llev_phonetic_token_new,llev_phonetic_token_free,llev_phonetic_token_scan,llev_phonetic_token_matches_free,llev_phonetic_transducer_new,llev_phonetic_transducer_free,llev_phonetic_transducer_feed,llev_phonetic_transducer_finish,llev_phonetic_transducer_reset,llev_phonetic_transducer_normalize,llev_phonetic_expand,llev_phonetic_expand_with_costs,llev_phonetic_features,llev_phonetic_chars_with_features,llev_phonetic_similar_chars,llev_phonetic_voicing_pair,llev_phonetic_feature_relation,llev_phonetic_expand_feature_based,llev_phonetic_feature_set_distance
